year,co,no2,o3,pm10,pm25,so2,road_category,link_length_km,speed,motorcycles,cars,buses,others
2016,1.4957815924712674,173.65,138.45156322364662,34.9,21.456235662413672,24.6,PA,37.1,21.83,12656.0,655136.0,11568.0,170131.0
2016,1.4001581649237316,148.13333333333333,141.25,28.52,19.85,68.66449702090253,PA,68.39999999999999,20.41,21537.0,1155866.0,23714.0,278081.0
2016,1.6087638440040224,227.23333333333335,103.2,58.6,30.9093121097116,69.061705183599,PA,54.9,20.2,24495.0,1040799.0,35394.0,275258.0
2016,1.7746236469792125,279.4,121.3,33.32,24.733333333333334,17.6,PA,38.0,14.86,89773.0,959884.0,88550.0,410323.0
2016,1.7282255196826795,273.59999999999997,101.04658825003025,52.26666666666667,29.35,69.22442321386163,PA,12.7,34.69,70332.0,481813.0,39441.0,278222.0
2016,1.4439220173875893,164.6,104.71820384432162,35.6,33.0,68.82863669175255,PA,77.2,17.73,21108.0,1044805.0,26576.0,237428.0
2016,1.5885458430702386,220.1,65.4,42.980000000000004,23.3,69.12949818771752,PA,54.199999999999996,18.36,30421.0,1120116.0,27663.0,305694.0
2016,1.4903333283127467,179.65,107.67601533513556,49.95,27.885688721514818,59.8,PA,80.4,15.14,16604.0,1061600.0,21708.0,274478.0
2016,1.4903333283127467,179.65,107.67601533513556,49.95,27.885688721514818,59.8,TM,11.2,55.53,1011.0,190613.0,411.0,90170.0
2016,1.5480455643094462,194.57777777777778,117.73999999999998,38.96666666666667,23.666666666666668,28.6,PA,65.9,18.83,42717.0,1204101.0,37488.0,359178.0
2016,1.4333747013253242,160.4,120.1,40.3,24.177641973172737,68.77224040688859,PA,35.7,13.37,57353.0,929338.0,71628.0,364359.0
2016,1.8494539772160055,320.8,120.32433998975901,43.3,25.00826157547787,69.32940431267465,PA,32.1,16.64,52741.0,875687.0,41805.0,272445.0
2016,1.4954841494331212,184.45,137.5,38.65620146701387,24.5,68.80735401089503,PA,37.1,15.68,23137.0,702426.0,48170.0,183324.0
2016,1.4457465685829574,165.8,149.1469592286419,26.9,19.8,68.7033068674522,PA,40.4,24.33,4699.0,473338.0,11672.0,69291.0
2016,1.4457465685829574,165.8,149.1469592286419,26.9,19.8,68.7033068674522,TM,1.0,61.63,737.0,67829.0,682.0,22688.0
2016,1.5342170902031538,199.5,129.9671251666619,36.05,23.9,68.87847939811859,PA,49.5,25.66,12285.0,755560.0,16045.0,201029.0
2016,1.5342170902031538,199.5,129.9671251666619,36.05,23.9,68.87847939811859,TM,11.799999999999999,55.53,2276.0,337104.0,737.0,188738.0
2016,1.5515472730890054,206.55,140.10000000000002,28.5,18.5,68.86971244351662,PA,71.1,29.74,17659.0,1263079.0,23979.0,280236.0
2016,1.5515472730890054,206.55,140.10000000000002,28.5,18.5,68.86971244351662,TA,1.3,37.83,291.0,28394.0,161.0,7853.0
2016,1.5515472730890054,206.55,140.10000000000002,28.5,18.5,68.86971244351662,TM,10.3,58.55,3878.0,497817.0,3801.0,113768.0
2016,1.5225250547512388,195.2,143.7662712361136,31.95,20.206380503430363,68.82271516844617,PA,38.1,13.1,71059.0,738115.0,68376.0,353210.0
2016,2.7,277.9,142.1,31.8,24.35,21.8,PA,30.7,15.06,73087.0,1099767.0,53752.0,372514.0
2016,1.6608112924412561,237.23333333333335,92.10533872096727,57.73333333333333,31.176872705346042,28.9,PA,54.7,15.62,96385.0,1059787.0,100292.0,479589.0
2016,1.5772589723766617,210.33333333333334,79.2,48.46666666666667,40.8,48.800000000000004,PA,38.0,20.57,38217.0,801231.0,49821.0,221036.0
2016,1.4324310787247376,159.5,86.1,51.3,29.532374987865804,68.86924826225837,PA,39.9,16.15,20231.0,606544.0,19171.0,162131.0
2016,1.5726237426114253,197.95,79.30000000000001,36.65,25.207894250988875,4.2,PA,52.1,21.77,29914.0,1205381.0,36130.0,313535.0
2016,1.6475779588645738,243.45,154.1,32.1,20.7,68.9619856915826,PA,57.0,20.41,20662.0,1324750.0,21166.0,307285.0
2016,1.6475779588645738,243.45,154.1,32.1,20.7,68.9619856915826,TM,4.0,59.97,1458.0,131638.0,931.0,45455.0
2016,1.5994801992799084,224.1,103.5,48.5,27.6618536222113,69.04367118051458,PA,54.9,15.44,101773.0,1034828.0,117073.0,542378.0
2016,1.7535881011306278,283.84,134.4,42.9,25.9,69.16295905628677,PA,29.4,13.36,5062.0,279195.0,6526.0,55611.0
2016,1.5280453508432585,186.2,122.25,33.96666666666667,38.0,25.4,PA,41.1,21.46,77869.0,1352378.0,38740.0,518930.0
2016,1.7,291.68571428571425,139.3,42.36,23.741180536264483,28.4,PA,54.300000000000004,13.76,80948.0,1203160.0,54712.0,384783.0
2016,2.2,242.33333333333334,98.7,38.833333333333336,26.2,36.7,PA,60.2,15.34,162271.0,1902488.0,194494.0,686579.0
2017,1.3784110039462667,126.0,141.00075089020157,33.8,20.99862383715353,14.8,PA,37.0,21.83,11865.0,638957.0,12286.0,167780.0
2017,1.379494159554159,132.0,152.15,27.660000000000004,20.0,35.9,PA,68.39999999999999,20.41,21068.0,1163397.0,22916.0,280655.0
2017,1.622907248413978,233.05,87.8,50.0,28.983465213107642,69.11867313689888,PA,54.9,20.2,26005.0,1038344.0,35089.0,274705.0
2017,1.6428136473127686,227.70000000000002,143.5,32.225,24.133333333333336,13.7,PA,38.0,14.86,88746.0,969996.0,83977.0,403789.0
2017,1.648379149532872,243.1,109.43822004763423,45.4,28.4,69.09186098549031,PA,12.6,34.69,69315.0,445200.0,39346.0,277361.0
2017,1.4665214383709593,173.5666666666667,138.8805414980729,32.2,21.9,68.76166163394666,PA,77.2,17.73,22366.0,1045423.0,26651.0,236074.0
2017,1.4924013908950648,182.82500000000002,111.68310063283755,47.9,27.013409764183308,68.8778026756257,PA,54.199999999999996,18.36,30723.0,1163607.0,28672.0,313698.0
2017,1.4811531332325683,173.85,142.00345276600575,33.0,20.653617970598532,47.5,PA,76.1,15.14,17853.0,1073563.0,21431.0,280061.0
2017,1.4811531332325683,173.85,142.00345276600575,33.0,20.653617970598532,47.5,TM,11.2,55.53,868.0,189443.0,700.0,95341.0
2017,1.5151610773814346,179.92222222222222,117.7,37.34444444444445,22.020000000000003,20.4,PA,65.9,18.83,44716.0,1261970.0,36554.0,378875.0
2017,1.3913654501815378,144.5,134.1,33.8,21.351058350641942,68.67466747073395,PA,35.7,13.37,60004.0,947365.0,68253.0,365350.0
2017,2.251381836175727,475.9,120.8275977128899,42.7,24.703885399763877,69.86517926737933,PA,32.1,16.64,49847.0,864864.0,38045.0,272356.0
2017,1.4671335950061435,173.85,160.2,31.992635952788106,19.348931699281888,68.70369800248484,PA,37.1,15.68,24453.0,718247.0,46037.0,187727.0
2017,1.4980730295194835,185.65,125.93980134868283,33.4,26.1,68.84063436151581,PA,40.4,24.33,5039.0,482297.0,12300.0,70382.0
2017,1.4980730295194835,185.65,125.93980134868283,33.4,26.1,68.84063436151581,TM,1.0,61.63,723.0,71679.0,706.0,25729.0
2017,1.5124250132488888,191.15,132.15372849365951,34.8,23.5,68.84279148307405,PA,49.8,25.66,12093.0,775350.0,16121.0,200736.0
2017,1.5124250132488888,191.15,132.15372849365951,34.8,23.5,68.84279148307405,TM,11.799999999999999,55.53,2164.0,331514.0,941.0,196543.0
2017,1.4751296638500793,177.2,166.0,26.3,16.5,68.69563047116159,PA,70.1,29.74,17361.0,1249149.0,23135.0,279360.0
2017,1.4751296638500793,177.2,166.0,26.3,16.5,68.69563047116159,TA,1.3,37.83,280.0,27089.0,157.0,7917.0
2017,1.4751296638500793,177.2,166.0,26.3,16.5,68.69563047116159,TM,10.3,58.55,4346.0,495777.0,4260.0,108131.0
2017,1.4437000303073764,164.75,142.29281619483936,32.75,20.55711845642338,68.72172634278901,PA,38.1,13.1,73483.0,744283.0,64723.0,351256.0
2017,2.5,259.32,186.2,30.139999999999997,20.633333333333333,21.8,PA,30.7,15.06,74294.0,1085379.0,49592.0,367287.0
2017,1.5791161157400992,213.9,91.95372417877803,57.666666666666664,31.16689008220129,61.4,PA,54.7,15.62,100498.0,1088321.0,97986.0,490649.0
2017,1.51215912470339,190.66666666666666,103.47016725680984,41.9,31.6,68.92540011176123,PA,38.6,20.57,40352.0,798011.0,49022.0,223276.0
2017,1.402351614450832,148.2,116.87819077207283,45.4,25.957901156273223,68.7419896648458,PA,39.9,16.15,19748.0,620067.0,18532.0,166099.0
2017,1.5290743675447276,197.8,146.87771286743182,30.400000000000002,19.544445768765957,68.82222229957931,PA,52.9,17.97,29977.0,1247916.0,35080.0,330836.0
2017,1.4401232610921557,163.45,164.2,30.349999999999998,28.3,68.65833572218804,PA,57.6,20.41,19628.0,1305221.0,18917.0,315190.0
2017,1.4401232610921557,163.45,164.2,30.349999999999998,28.3,68.65833572218804,TM,4.0,59.97,1351.0,131495.0,910.0,48949.0
2017,1.446058820333042,165.55,119.3,34.5,22.36129957544699,68.78863406926399,PA,54.9,15.44,105054.0,1060112.0,113187.0,544390.0
2017,1.5447852042379464,203.125,112.73561488358293,45.8,27.2,68.94420683628348,PA,29.4,13.36,4866.0,283610.0,6778.0,52779.0
2017,1.5516410228284072,205.95,89.6,41.5,23.4,69.01370248852673,PA,40.9,21.46,80850.0,1389848.0,38613.0,516759.0
2017,1.6759465651411856,254.25714285714284,252.0,38.46,16.424822249708527,68.73477023159447,PA,55.0,13.76,84776.0,1236748.0,53116.0,392463.0
2017,1.9,207.86666666666667,102.7,37.800000000000004,25.8,27.9,PA,60.0,15.34,158846.0,1853628.0,184756.0,687615.0
2018,1.3453278403207902,112.95,142.28419172923282,33.2,20.746349518139073,13.5,PA,37.300000000000004,21.83,11615.0,634800.0,12347.0,170930.0
2018,1.3443403204135975,115.5,163.60000000000002,31.839999999999996,20.9,24.8,PA,69.1,20.41,19943.0,1169058.0,21171.0,280534.0
2018,1.4469654510713221,165.1,95.6,51.775000000000006,29.169102616766153,68.8629114075818,PA,55.9,20.2,27852.0,1049608.0,34843.0,280454.0
2018,1.5504141994262075,191.5,143.8,32.05,21.96666666666667,11.3,PA,38.8,14.86,85067.0,967237.0,76470.0,393842.0
2018,1.5971725073130614,223.33333333333334,107.62216415359279,45.5,29.05,69.02853777180229,PA,12.4,31.54,60116.0,408597.0,37004.0,259104.0
2018,1.396514344038426,146.46666666666667,138.9565542895693,34.4,21.3,68.66855231725334,PA,78.1,17.73,22387.0,1065788.0,26192.0,239318.0
2018,1.4269649047025867,157.55,110.58910069899237,48.5,27.27722477591219,68.79358298243754,PA,55.1,18.36,31165.0,1167670.0,29098.0,323036.0
2018,1.3578406285995857,129.35,144.07578953725738,32.0,20.245111318568846,59.4,PA,77.3,15.14,18545.0,1068357.0,20979.0,293564.0
2018,1.3578406285995857,129.35,144.07578953725738,32.0,20.245111318568846,59.4,TM,11.2,55.53,875.0,190127.0,711.0,98809.0
2018,1.4498728414997604,152.99,132.02,34.779999999999994,20.650000000000002,12.8,PA,66.9,18.83,43934.0,1277364.0,35878.0,390114.0
2018,1.3679992105173233,135.3,128.9,37.8,22.916968988684705,68.65955415767381,PA,35.9,13.37,59386.0,939263.0,63815.0,374582.0
2018,1.3099689529574294,113.25,164.8,31.291156761932143,18.910259594886455,68.4806242394359,PA,38.7,15.68,24572.0,730664.0,43649.0,191346.0
2018,1.343920931990383,126.35,146.59832719873862,30.7,19.69472803647808,68.57555174574132,PA,40.7,24.33,5141.0,485923.0,12132.0,70283.0
2018,1.343920931990383,126.35,146.59832719873862,30.7,19.69472803647808,68.57555174574132,TM,1.0,61.63,720.0,71149.0,709.0,26496.0
2018,1.386894598966398,142.8,137.6750592185254,33.2,22.1,68.65891102727433,PA,50.8,25.66,11376.0,773003.0,15587.0,204102.0
2018,1.386894598966398,142.8,137.6750592185254,33.2,22.1,68.65891102727433,TM,11.799999999999999,55.53,2214.0,335655.0,972.0,204758.0
2018,1.3920120773353435,145.1,152.15,26.7,16.4,68.62232692523337,PA,71.4,29.74,16248.0,1288945.0,21982.0,289075.0
2018,1.3920120773353435,145.1,152.15,26.7,16.4,68.62232692523337,TA,1.6,37.83,297.0,27340.0,154.0,8308.0
2018,1.3920120773353435,145.1,152.15,26.7,16.4,68.62232692523337,TM,10.5,58.55,4492.0,509809.0,4396.0,115666.0
2018,1.390880632776958,144.35000000000002,141.47888573466707,33.2,20.755430785356793,68.65353994448415,PA,38.5,13.1,71359.0,726906.0,60765.0,342626.0
2018,0.9,172.9,157.8,23.8,15.75,10.9,PA,32.2,15.06,74456.0,1111823.0,47664.0,375831.0
2018,1.5756069418588847,201.79999999999998,108.86364717192028,49.56666666666666,27.70057287691874,17.0,PA,54.9,15.62,97472.0,1090243.0,93493.0,489101.0
2018,1.3332665136456572,122.125,73.8,30.866666666666664,24.4,68.76078588815157,PA,38.6,20.57,40546.0,812784.0,48734.0,234932.0
2018,1.4445900092249488,164.1,99.87971965963726,53.8,29.535790501039934,68.8489725617578,PA,42.4,16.15,20370.0,627152.0,18880.0,172318.0
2018,1.2960310654080436,107.8,143.55946279261505,32.25,20.361646022177048,68.52056757689442,PA,53.7,17.97,30176.0,1239785.0,33728.0,333481.0
2018,1.456364809499878,169.65,182.8,33.099999999999994,23.2,68.62918602821401,PA,58.1,20.41,19503.0,1352444.0,18719.0,338448.0
2018,1.456364809499878,169.65,182.8,33.099999999999994,23.2,68.62918602821401,TM,4.0,59.97,1491.0,126110.0,885.0,50706.0
2018,1.4019464662763133,148.55,136.3,34.6,21.486263612041874,68.6831756065745,PA,55.1,15.44,98125.0,1048782.0,108072.0,541195.0
2018,1.4263039803107036,157.7,130.86050438329147,40.15,22.5,68.73299872225314,PA,29.599999999999998,13.36,5120.0,295697.0,7014.0,59650.0
2018,1.454190552186859,168.39999999999998,131.3,41.5,22.9,68.76972536358174,PA,41.4,21.46,80069.0,1425394.0,35185.0,525824.0
2018,1.460759603079521,171.12857142857143,162.0,37.959999999999994,21.163575505335874,68.6930849039561,PA,56.7,13.76,83423.0,1247479.0,50415.0,402084.0
2018,1.3,199.74444444444444,109.1,41.35,25.8,21.7,PA,60.4,15.34,153980.0,1831007.0,178597.0,693171.0
2019,1.2664356049895964,82.15,145.06412769741857,31.9,20.200894846318207,11.7,PA,37.300000000000004,21.83,11799.0,634002.0,12645.0,168760.0
2019,1.3477806683212117,115.63333333333333,179.5,29.839999999999996,21.1,19.6,PA,69.1,20.41,19836.0,1173482.0,22292.0,281705.0
2019,1.9699086939907433,367.075,86.2,46.7,27.938457792557877,69.58547561834476,PA,55.9,20.2,30974.0,1078824.0,34565.0,288532.0
2019,1.2535011573984203,91.2,135.47418917723957,36.3,22.094281250742497,68.48774675065835,PA,90.0,19.9,11511.0,766913.0,18005.0,163466.0
2019,1.6772845779416026,240.35,132.8,30.125,20.900000000000002,10.8,PA,38.8,14.86,81369.0,922948.0,77436.0,374654.0
2019,1.6356176752145308,238.36666666666667,112.86715421201515,41.0,28.45,69.06374299657058,PA,12.4,31.54,60216.0,391701.0,37485.0,257981.0
2019,1.3897244598911431,143.8,143.43313127923147,35.9,19.3,68.64736182431805,PA,78.1,17.73,23653.0,1050966.0,25976.0,238240.0
2019,1.5351832943177488,199.39999999999998,114.54960057331951,46.44,26.385496580106263,68.92647114251616,PA,55.1,18.36,33691.0,1173902.0,29551.0,329220.0
2019,1.363767339371527,133.875,140.92204575210286,33.5,20.8866626623584,68.61895167118512,PA,80.5,15.14,19730.0,1130659.0,22162.0,308491.0
2019,1.363767339371527,133.875,140.92204575210286,33.5,20.8866626623584,68.61895167118512,TM,11.2,55.53,768.0,189211.0,590.0,96684.0
2019,1.4310934980971601,146.5,116.44000000000001,33.65,20.5,15.7,PA,66.9,18.83,46081.0,1273795.0,35224.0,385971.0
2019,1.3507490205176302,128.7,143.1,37.0,21.898987452189587,68.59724902432332,PA,35.9,13.37,62074.0,924138.0,62195.0,368625.0
2019,1.3209109439987885,117.5,168.3,30.763613993696893,18.550313975455325,68.48542670607924,PA,38.7,15.68,27604.0,727572.0,43134.0,196764.0
2019,1.3913780413225196,144.7,148.22759154727453,29.85,19.326443951212553,68.63414692511896,PA,40.7,24.33,5598.0,496314.0,12151.0,71643.0
2019,1.3913780413225196,144.7,148.22759154727453,29.85,19.326443951212553,68.63414692511896,TM,1.0,61.63,730.0,75700.0,745.0,27719.0
2019,1.392127913792166,144.75,128.10964964405002,34.15,25.2,68.6931206916023,PA,50.8,25.66,11822.0,779677.0,15703.0,208099.0
2019,1.392127913792166,144.75,128.10964964405002,34.15,25.2,68.6931206916023,TM,11.799999999999999,55.53,2086.0,338235.0,1003.0,206510.0
2019,1.4137493684198006,153.5,146.5,26.2,16.7,68.66665778843613,PA,71.1,29.74,16752.0,1292136.0,21711.0,290189.0
2019,1.4137493684198006,153.5,146.5,26.2,16.7,68.66665778843613,TA,1.6,37.83,300.0,27507.0,147.0,8273.0
2019,1.4137493684198006,153.5,146.5,26.2,16.7,68.66665778843613,TM,10.5,58.55,3646.0,514056.0,4751.0,114868.0
2019,1.327554493909647,119.75,134.43752171560786,36.75,22.27730015408707,68.5898174680957,PA,38.5,13.1,73283.0,714071.0,58844.0,328192.0
2019,0.9,121.8,174.4,24.5,16.9,13.0,PA,32.2,15.06,76889.0,1117079.0,46431.0,365002.0
2019,1.495767054666614,172.03333333333333,109.21835733149626,49.43333333333334,27.654400294790513,21.0,PA,54.9,15.62,99800.0,1081672.0,93145.0,469996.0
2019,1.3140985707578572,114.84,184.3,31.46666666666667,21.8,68.43386228773178,PA,38.6,20.57,42065.0,802500.0,47982.0,229222.0
2019,1.5094370817885046,190.7,142.81747059548837,18.4,24.4,68.80354367887465,PA,97.2,19.65,47814.0,2239401.0,47682.0,548465.0
2019,1.5094370817885046,190.7,142.81747059548837,18.4,24.4,68.80354367887465,TM,12.0,61.63,2063.0,136312.0,1424.0,47601.0
2019,1.6439426021706671,241.0,98.92529754219024,54.1,29.63972384768761,69.1182906314205,PA,42.4,16.15,22022.0,633190.0,18799.0,169503.0
2019,1.3232787580880037,118.4,147.2390063897173,30.4,19.56925267360261,68.54605447547445,PA,53.7,17.97,31883.0,1207233.0,31817.0,321932.0
2019,1.4805164983444523,179.05,183.6,31.0,24.6,68.65883645584988,PA,58.0,17.34,20120.0,1305989.0,18661.0,322682.0
2019,1.4805164983444523,179.05,183.6,31.0,24.6,68.65883645584988,TM,4.0,59.97,1119.0,128788.0,1051.0,46207.0
2019,1.4283378915476614,158.73333333333332,122.8,34.15,22.06437319665885,68.75519434979415,PA,55.1,15.44,102045.0,1039387.0,106292.0,524992.0
2019,1.4546021841152708,168.45000000000002,127.68007717686042,44.025,22.5,68.78102223364378,PA,29.599999999999998,13.36,5393.0,295919.0,6922.0,59308.0
2019,1.506247184982454,188.7,106.7,35.6,24.3,68.90435367630215,PA,41.6,21.46,82416.0,1418438.0,34435.0,513652.0
2019,1.507718710330944,189.22857142857143,208.5,39.839999999999996,19.248212665171366,68.6295202076005,PA,56.7,13.76,87955.0,1266533.0,50098.0,403725.0
2019,1.1,167.09,102.5,41.15,24.55,26.1,PA,60.4,15.34,148957.0,1749236.0,176471.0,655350.0
2020,1.3241204222548935,105.0,143.31787397751407,32.7,20.535850084260748,14.3,PA,37.300000000000004,21.83,9162.0,517129.0,10618.0,162470.0
2020,1.3059149887731594,98.43333333333334,192.25,25.8,17.1,14.5,PA,69.1,20.41,13982.0,935658.0,17692.0,261726.0
2020,1.3566530781969448,130.9,141.7,38.45,24.4,68.61016653541864,PA,55.9,20.2,27642.0,927610.0,31217.0,288453.0
2020,1.2851861439970715,103.8,155.97261437390952,28.7,17.0,68.47001109482451,PA,90.0,19.9,9086.0,605023.0,15245.0,151621.0
2020,1.4460722191636244,151.65,187.7,27.45,18.066666666666666,11.6,PA,38.8,14.86,62615.0,677689.0,61042.0,359877.0
2020,1.3942342436835375,145.6,134.93505217287134,33.76666666666667,22.9,68.67661365925804,PA,12.4,31.54,40212.0,271860.0,29563.0,252717.0
2020,1.3630833642434772,134.0,152.91588450689,24.9,19.1,68.58154192835075,PA,78.1,17.73,19473.0,848847.0,23529.0,228414.0
2020,1.3945279968925022,145.425,127.28829241971494,40.239999999999995,23.75787029256778,68.70059156028861,PA,55.1,18.36,26976.0,966329.0,23646.0,310115.0
2020,1.3205093731416964,117.525,155.50454715470065,26.3,17.82075062149887,68.51778641544911,PA,80.5,15.14,15646.0,911856.0,18762.0,281692.0
2020,1.3205093731416964,117.525,155.50454715470065,26.3,17.82075062149887,68.51778641544911,TM,11.2,55.53,505.0,135336.0,261.0,92387.0
2020,1.3593362457065146,132.29090909090908,143.6,30.99,18.183333333333334,68.60405567627775,PA,68.5,18.83,34125.0,1027045.0,29520.0,359424.0
2020,1.3653975781663776,134.5,169.6,34.5,19.66674731949849,68.54312990239761,PA,35.9,13.37,47876.0,752010.0,51589.0,357090.0
2020,1.3101545147486238,113.7,211.5,24.24531237958411,14.136795633348921,68.34972760145456,PA,38.7,15.68,23624.0,574072.0,38251.0,186578.0
2020,1.264366976135317,95.85,154.99867049014148,26.6,17.95548170925829,68.44424247930405,PA,40.7,24.33,4266.0,376229.0,10130.0,63252.0
2020,1.264366976135317,95.85,154.99867049014148,26.6,17.95548170925829,68.44424247930405,TM,1.0,61.63,417.0,50253.0,412.0,24132.0
2020,1.4072156625112129,150.75,147.14173680669825,31.25,19.3,68.65882522474575,PA,51.0,25.66,9256.0,620951.0,14474.0,201336.0
2020,1.4072156625112129,150.75,147.14173680669825,31.25,19.3,68.65882522474575,TM,11.799999999999999,55.53,1342.0,271452.0,334.0,210045.0
2020,1.3165240968048244,116.1,184.05,24.9,14.1,68.43323208307227,PA,71.2,29.74,11571.0,881079.0,16035.0,237659.0
2020,1.3165240968048244,116.1,184.05,24.9,14.1,68.43323208307227,TA,1.6,37.83,146.0,15250.0,74.0,5558.0
2020,1.3165240968048244,116.1,184.05,24.9,14.1,68.43323208307227,TM,10.5,58.55,1918.0,359812.0,2159.0,111475.0
2020,1.3218008018265004,117.69999999999999,141.70090185237274,33.15,20.742430502774127,68.56053871834662,PA,38.5,13.1,56952.0,548746.0,48970.0,316761.0
2020,1.2,191.7,216.5,22.45,14.0,14.8,PA,32.2,15.06,57807.0,853976.0,35581.0,333189.0
2020,1.472694105700573,162.1,100.57143860199369,53.76666666666667,29.504674925515175,17.7,PA,54.9,15.62,76961.0,851572.0,81012.0,454110.0
2020,1.3298997069023561,121.05999999999999,211.0,29.400000000000002,20.666666666666668,68.38119171784864,PA,38.6,20.57,35106.0,632448.0,42197.0,216428.0
2020,1.467566444068845,173.85208637863235,138.0241460210841,35.02060399851325,21.4,68.76637171637607,PA,97.2,19.65,35834.0,1775901.0,39159.0,501860.0
2020,1.467566444068845,173.85208637863235,138.0241460210841,35.02060399851325,21.4,68.76637171637607,TM,12.0,61.63,1023.0,95895.0,540.0,38635.0
2020,1.429327014143385,158.4,107.96571415876643,49.8,27.831448980645998,68.80453749838921,PA,42.4,16.15,16659.0,482068.0,15529.0,154256.0
2020,1.2864594407398333,104.10000000000001,143.2740467208479,32.4,20.42678160027248,68.50862114842579,PA,54.4,17.97,26094.0,1030651.0,27146.0,316693.0
2020,1.3743348866505918,138.15,162.5,29.450000000000003,20.5,68.57264012931225,PA,58.0,17.34,15430.0,1046383.0,15492.0,287340.0
2020,1.3743348866505918,138.15,162.5,29.450000000000003,20.5,68.57264012931225,TM,4.0,59.97,750.0,95381.0,231.0,41974.0
2020,1.401080826102632,148.5,189.9,29.974999999999998,16.566666666666666,68.53300086913153,PA,55.1,15.44,75152.0,811640.0,88763.0,521354.0
2020,1.356490579498938,131.12,146.67950612403115,32.660000000000004,19.1,68.59275720082105,PA,29.599999999999998,13.36,4592.0,243577.0,6623.0,58456.0
2020,1.397719462663868,147.2,139.0,28.5,18.3,68.66695723679209,PA,41.6,21.46,65422.0,1156797.0,26349.0,493905.0
2020,1.4951035111436184,184.3857142857143,262.3,41.0,16.721625488518974,68.465976959553,PA,56.7,13.76,69334.0,980503.0,43365.0,381533.0
2020,1.5,135.4090909090909,156.5,31.619999999999997,18.366666666666667,17.9,PA,60.2,15.34,107431.0,1263375.0,140950.0,602989.0
2021,1.2757050522091786,87.6,138.49426289258437,35.1,21.566857772461045,19.8,PA,37.300000000000004,21.83,10166.0,551857.0,11347.0,164509.0
2021,1.3664956805659376,121.7,151.75,27.339999999999996,16.95,14.7,PA,69.39999999999999,20.41,15865.0,1019439.0,18914.0,266641.0
2021,1.5431268835864622,202.7,29.5,38.8,25.8,69.16550680907045,PA,55.9,20.2,35312.0,972934.0,34185.0,299013.0
2021,1.3132921428824873,114.7,155.62365683047258,27.3,17.5,68.50812224187203,PA,90.0,19.9,11025.0,675432.0,16015.0,164844.0
2021,1.4980730640123814,170.9,139.1,28.1,18.75,8.9,PA,38.6,14.86,72851.0,717256.0,60865.0,356371.0
2021,1.3842715459304078,141.86666666666667,146.61262764774239,31.96666666666667,19.3,68.62986669752642,PA,12.4,31.54,43957.0,280502.0,29793.0,242041.0
2021,1.3275230974109018,119.94999999999999,145.78820425967865,32.43397897825379,19.5,68.5564621686153,PA,78.1,17.73,23836.0,920246.0,24301.0,242666.0
2021,1.3807006731917502,139.975,122.39645626987387,42.68,24.800307678439783,68.69664719874467,PA,55.1,18.36,32869.0,1033653.0,24462.0,329029.0
2021,1.2850091500376963,103.8,154.3579912991628,26.9,18.080957072133756,68.47373974957091,PA,80.5,15.14,19733.0,1004645.0,19284.0,309563.0
2021,1.2850091500376963,103.8,154.3579912991628,26.9,18.080957072133756,68.47373974957091,TM,11.2,55.53,642.0,160734.0,220.0,84731.0
2021,1.3475334690550695,127.8,111.84,28.78,17.571428571428573,68.67372130740694,PA,68.5,18.83,41497.0,1130744.0,31275.0,387511.0
2021,1.3324893841954395,121.8,123.2,33.1,21.727348807252838,68.62543718104705,PA,35.9,13.37,58344.0,816824.0,52832.0,366912.0
2021,1.3409998791037938,125.10000000000001,149.7,33.570838202548515,20.447479152973386,68.56452227697609,PA,38.7,15.68,29126.0,616094.0,39712.0,194877.0
2021,1.2899214987414551,105.7,154.55084718154947,26.799999999999997,18.037710396804908,68.47973306417981,PA,40.7,24.33,6702.0,423913.0,11187.0,72468.0
2021,1.2899214987414551,105.7,154.55084718154947,26.799999999999997,18.037710396804908,68.47973306417981,TM,1.0,61.63,418.0,56464.0,404.0,27438.0
2021,1.329850594272643,120.85,146.62099717827203,32.45,19.2,68.55723648617469,PA,51.0,25.66,10274.0,676790.0,15913.0,203174.0
2021,1.329850594272643,120.85,146.62099717827203,32.45,19.2,68.55723648617469,TM,11.799999999999999,55.53,1190.0,271797.0,438.0,221850.0
2021,1.3323914133671717,122.25,134.14999999999998,23.0,13.8,68.58949041821056,PA,71.2,29.74,13356.0,941399.0,16238.0,257315.0
2021,1.3323914133671717,122.25,134.14999999999998,23.0,13.8,68.58949041821056,TA,1.6,37.83,172.0,17659.0,91.0,6609.0
2021,1.3323914133671717,122.25,134.14999999999998,23.0,13.8,68.58949041821056,TM,10.5,58.55,2005.0,399552.0,2137.0,124066.0
2021,1.3306976630638196,121.05000000000001,138.15938306783926,34.9,21.487812400159743,68.5829572537768,PA,38.5,13.1,65325.0,583018.0,49577.0,310749.0
2021,1.0,115.3,149.7,23.9,15.4,9.3,PA,32.2,15.06,71348.0,900167.0,36074.0,344997.0
2021,1.4780670033381387,164.26666666666665,100.35536297359897,53.86666666666667,29.546786107007716,18.1,PA,54.9,15.62,88659.0,903657.0,83526.0,438242.0
2021,1.3117915915765943,113.94999999999999,141.2,30.399999999999995,21.5,68.54763097177933,PA,38.6,20.57,42383.0,675653.0,43973.0,221970.0
2021,1.467238210307489,173.848956290924,143.25434599608218,32.4,20.3,68.75038019618881,PA,97.2,19.65,44633.0,1943200.0,42327.0,538549.0
2021,1.467238210307489,173.848956290924,143.25434599608218,32.4,20.3,68.75038019618881,TM,12.0,61.63,968.0,108179.0,499.0,41800.0
2021,1.4684945903177833,173.86083613421798,122.80647107539802,42.4,24.6702917005235,68.81278571546383,PA,42.4,16.15,20439.0,530233.0,17540.0,161449.0
2021,1.2996897818325062,109.3,137.3552423385362,29.6,23.3,68.54206316613453,PA,54.4,17.97,34493.0,1034404.0,28623.0,311715.0
2021,1.3991438554019635,147.75,161.4,28.8,20.2,68.60847734074723,PA,58.0,17.34,18385.0,1086725.0,16045.0,291958.0
2021,1.3991438554019635,147.75,161.4,28.8,20.2,68.60847734074723,TM,4.0,59.97,786.0,102839.0,345.0,45849.0
2021,1.388122202584027,143.53333333333333,150.9,28.214285714285715,16.433333333333334,68.62113273328018,PA,55.2,15.44,84439.0,865928.0,88790.0,506569.0
2021,1.4361630034713555,161.9,146.73871231164426,31.674999999999997,19.3,68.69879812586052,PA,29.599999999999998,13.36,5432.0,259060.0,6647.0,61028.0
2021,1.2970416873829762,108.15,106.2,32.1,21.3,68.62382024050673,PA,41.6,21.46,83791.0,1172272.0,26395.0,503042.0
2021,1.396936880614856,146.47142857142856,132.28076670222106,37.76,22.699747488768846,68.68897339520713,PA,56.7,13.76,84455.0,1056443.0,46387.0,394469.0
2021,1.7,144.54000000000002,96.1,32.32,19.3,12.8,PA,60.2,15.34,123785.0,1288453.0,141055.0,596454.0
2022,1.3838748094804454,127.45,132.5531217427524,38.0,22.78897542224626,13.0,PA,37.300000000000004,21.83,12443.0,588095.0,11514.0,179550.0
2022,1.3222276880608161,105.53333333333335,163.95,25.5,13.6,17.8,PA,69.39999999999999,20.41,18582.0,1078351.0,20056.0,286192.0
2022,1.3649522668622305,134.125,146.0,38.2,23.1,68.60912518574119,PA,55.9,20.2,47059.0,1001450.0,34246.0,303482.0
2022,1.29115791952467,106.2,148.93954627429338,25.8,20.3,68.49685078256849,PA,90.0,19.9,13773.0,694678.0,16798.0,174460.0
2022,1.389662797942498,129.3,159.6,27.7,12.6,9.3,PA,38.6,14.86,84232.0,734357.0,61754.0,376394.0
2022,1.397556522257751,147.0666666666667,164.0,30.46666666666667,20.7,68.60005903973888,PA,12.4,31.54,48269.0,284441.0,29856.0,252915.0
2022,1.325881134913277,119.35000000000001,147.74801830834454,31.765092802883757,19.0,68.5485394043928,PA,78.1,17.73,30543.0,967701.0,24893.0,261639.0
2022,1.3783586005400534,138.72500000000002,107.6119380579164,50.019999999999996,27.931432761967002,68.73745774233896,PA,55.1,18.36,38548.0,1071624.0,25333.0,336641.0
2022,1.3484775519215932,128.075,145.17996782086885,31.4,19.992760510062524,68.58585826082373,PA,80.5,15.14,23823.0,1031401.0,19725.0,306425.0
2022,1.3484775519215932,128.075,145.17996782086885,31.4,19.992760510062524,68.58585826082373,TM,11.2,55.53,709.0,183159.0,219.0,112249.0
2022,1.3299762438700329,120.95454545454545,127.66,30.95555555555556,16.957142857142856,68.60786814574534,PA,68.5,18.83,47853.0,1163508.0,32011.0,400945.0
2022,1.225839883688462,80.6,146.1,33.95,28.7,68.42259481487362,PA,35.9,13.37,69156.0,795745.0,53359.0,372886.0
2022,1.2800447027113147,101.75,170.4,30.444838421491845,18.34385782312402,68.42488428722942,PA,38.7,15.68,35218.0,619312.0,39855.0,204069.0
2022,1.2891628637671058,104.9,132.89308205282668,37.55,22.6231642063817,68.54308831568835,PA,40.7,24.33,8831.0,442688.0,11775.0,79050.0
2022,1.2891628637671058,104.9,132.89308205282668,37.55,22.6231642063817,68.54308831568835,TM,1.0,61.63,471.0,64116.0,466.0,30488.0
2022,1.3975858719792575,146.95,137.85237439243983,32.6,22.2,68.67251434604434,PA,51.0,25.66,13036.0,700179.0,16191.0,207271.0
2022,1.3975858719792575,146.95,137.85237439243983,32.6,22.2,68.67251434604434,TM,11.799999999999999,55.53,1628.0,316793.0,743.0,217425.0
2022,1.3676604418202114,135.8,147.7,24.8,13.1,68.60028765780375,PA,71.2,29.74,17334.0,1035380.0,17383.0,272176.0
2022,1.3676604418202114,135.8,147.7,24.8,13.1,68.60028765780375,TA,1.6,37.83,215.0,22192.0,106.0,7735.0
2022,1.3676604418202114,135.8,147.7,24.8,13.1,68.60028765780375,TM,10.5,58.55,2535.0,457380.0,2661.0,120869.0
2022,1.3345278270202852,122.7,145.5066778311088,31.25,19.93046022996952,68.56624016783454,PA,38.5,13.1,78528.0,605740.0,50884.0,330794.0
2022,0.9,107.7,157.3,48.3,26.5,41.5,PA,32.2,15.06,81428.0,939722.0,37667.0,362695.0
2022,1.5007697520444871,172.26666666666665,126.1656897746952,45.23333333333333,22.9,13.3,PA,54.9,15.62,106250.0,924073.0,84293.0,466402.0
2022,1.3345078099514658,122.725,173.5,31.3,19.2,68.48982758549123,PA,38.6,20.57,49968.0,683741.0,45475.0,236099.0
2022,1.4679618791967646,173.85034259460397,141.8257337651288,39.1,18.9,68.75751339077596,PA,97.2,19.65,53265.0,1990179.0,44077.0,544042.0
2022,1.4679618791967646,173.85034259460397,141.8257337651288,39.1,18.9,68.75751339077596,TM,12.0,61.63,1151.0,116509.0,867.0,43541.0
2022,1.3665399288087596,134.1,104.85226323345165,51.4,28.521489965762747,68.729861388161,PA,42.4,16.15,24612.0,564356.0,18519.0,172742.0
2022,1.3111337618926604,113.75999999999999,138.56196618658515,28.6,23.15,68.55364888706431,PA,54.5,17.97,40886.0,1088148.0,29711.0,325299.0
2022,1.4785789380739485,178.45,160.6,28.049999999999997,16.6,68.71565931323258,PA,58.0,17.34,22222.0,1188619.0,16689.0,311149.0
2022,1.4785789380739485,178.45,160.6,28.049999999999997,16.6,68.71565931323258,TM,4.0,59.97,714.0,115079.0,589.0,48884.0
2022,1.2177614404806838,77.6,139.84689301344554,32.0,21.8,68.42628368843266,PA,55.2,17.28,21817.0,898566.0,16822.0,286876.0
2022,1.3567019990836884,131.36666666666665,162.7,29.585714285714285,16.216666666666665,68.5474730224111,PA,55.2,15.44,99942.0,878186.0,90860.0,539952.0
2022,1.4141053399407326,153.175,141.4609728864071,36.525,19.8,68.68570748815532,PA,29.599999999999998,13.36,6203.0,266293.0,6837.0,64174.0
2022,1.3287858057693411,120.86666666666666,113.1,21.9,16.5,68.64224163240739,PA,41.6,21.46,94711.0,1205671.0,27248.0,514094.0
2022,1.3885631223742885,143.31428571428572,135.43855518362165,36.2,22.035346149630843,68.6683945995833,PA,56.5,13.76,98436.0,1072698.0,47291.0,413901.0
2022,2.4,154.39000000000001,126.5,39.666666666666664,18.6,52.4,PA,60.0,15.34,138304.0,1313567.0,141200.0,624326.0
2023,1.3050699769632794,98.25,134.64554270522666,37.0,22.37313798701521,17.5,PA,37.300000000000004,21.83,12815.0,583822.0,11505.0,171035.0
2023,1.293316733435385,108.36666666666667,191.55,22.5,13.866666666666667,72.8,PA,69.39999999999999,20.41,18843.0,1080815.0,20340.0,283371.0
2023,1.4102491096681278,151.55,101.2,38.725,19.775,68.79102945967249,PA,55.9,20.2,51257.0,1007795.0,35418.0,300789.0
2023,1.2598488873822802,94.2,156.08684623729266,24.4,18.2,68.43443567786525,PA,90.0,19.9,13978.0,694109.0,16838.0,175686.0
2023,1.3139005957910765,116.63333333333334,175.4,25.15,14.45,74.7,PA,38.6,14.86,84786.0,728194.0,61486.0,376294.0
2023,1.3160386817331866,115.55,179.9,32.699999999999996,18.65,68.4481147031771,PA,12.4,31.54,49200.0,288775.0,29428.0,260620.0
2023,1.2869643735588294,104.55,160.3580812282255,27.474697525791292,15.8,68.45965932927808,PA,78.1,17.73,33271.0,987618.0,26608.0,261986.0
2023,1.3722550337476327,136.20000000000002,100.35930045423419,53.625,29.469864431349514,68.7508545612192,PA,55.4,18.36,41011.0,1059686.0,25853.0,324527.0
2023,1.2978879025612235,108.75,153.5294615516729,27.3,18.250022782823223,68.49341770262791,PA,81.3,15.14,30557.0,1067675.0,21579.0,309320.0
2023,1.2978879025612235,108.75,153.5294615516729,27.3,18.250022782823223,68.49341770262791,TM,11.2,55.53,692.0,189495.0,230.0,114357.0
2023,1.30472195792315,111.31818181818181,104.675,28.200000000000003,14.37142857142857,68.63493429197402,PA,68.5,18.83,49204.0,1179017.0,32724.0,406316.0
2023,1.2703263210216151,97.6,116.4,37.1,28.3,68.56408349494353,PA,36.0,13.37,70158.0,814203.0,53313.0,380206.0
2023,1.3008383131662535,109.6,149.1,33.659458018050145,20.516861400289212,68.51250437450058,PA,38.7,15.68,38199.0,607746.0,40189.0,200186.0
2023,1.25732957329853,93.3,162.06282432976906,23.1,16.46342133192947,68.4138398728018,PA,40.7,24.33,11639.0,444818.0,12769.0,78639.0
2023,1.25732957329853,93.3,162.06282432976906,23.1,16.46342133192947,68.4138398728018,TM,1.0,61.63,453.0,65268.0,483.0,30920.0
2023,1.3341784594339925,122.75,158.09292242286608,27.700000000000003,16.5,68.52922945714968,PA,51.0,25.66,12903.0,715374.0,16732.0,201236.0
2023,1.3341784594339925,122.75,158.09292242286608,27.700000000000003,16.5,68.52922945714968,TM,11.799999999999999,55.53,1705.0,325417.0,817.0,214393.0
2023,1.3038001600727671,111.05,160.4,27.4,15.600000000000001,68.4819774586931,PA,71.3,29.74,17722.0,1003024.0,17177.0,261124.0
2023,1.3038001600727671,111.05,160.4,27.4,15.600000000000001,68.4819774586931,TA,1.6,37.83,206.0,26585.0,49.0,7405.0
2023,1.3038001600727671,111.05,160.4,27.4,15.600000000000001,68.4819774586931,TM,10.5,58.55,2497.0,463860.0,3266.0,119970.0
2023,1.2707587375351486,98.25,152.1667295454648,28.0,18.551874707435733,68.46120341607704,PA,38.5,13.1,78420.0,604493.0,50876.0,332454.0
2023,2.3,105.0,175.2,22.50273001507498,12.1,10.9,PA,32.2,15.06,84464.0,945860.0,38928.0,363135.0
2023,1.4554651334655595,155.93333333333334,131.1035852333521,44.43333333333334,21.4,17.6,PA,55.0,15.62,107724.0,928966.0,84621.0,477237.0
2023,1.3713135014178612,136.95,193.8,31.400000000000002,18.066666666666666,68.48352177795208,PA,38.6,20.57,50016.0,673145.0,45735.0,234523.0
2023,1.3851403385523593,141.3,105.82700832676115,50.9,28.305975177041965,68.75182813758538,PA,42.4,16.15,26155.0,575603.0,18838.0,173330.0
2023,1.3021569358332057,110.44000000000001,156.11899087285906,26.45,17.575,68.49156854732828,PA,54.5,17.97,44900.0,1114805.0,30573.0,323038.0
2023,1.3031587492248655,110.85,170.7,26.7,14.5,68.45251860436055,PA,58.0,17.34,23426.0,1190266.0,17436.0,306235.0
2023,1.3031587492248655,110.85,170.7,26.7,14.5,68.45251860436055,TM,4.0,59.97,1501.0,130308.0,639.0,54778.0
2023,1.3391723463087342,124.6,153.18846867887356,29.2,17.8,68.55018360088432,PA,55.2,17.28,24085.0,898792.0,17676.0,285832.0
2023,1.3368148110269824,123.8,186.1,27.857142857142858,14.983333333333334,68.45617226730899,PA,55.3,15.44,100634.0,883934.0,91240.0,544392.0
2023,1.4492898113639634,166.975,152.2407233835661,31.85,17.3,68.70092732743126,PA,29.599999999999998,13.36,6295.0,265982.0,6891.0,65126.0
2023,1.2791212582032636,101.66666666666667,66.6,22.0,13.7,68.70175928596909,PA,41.6,21.46,100173.0,1230882.0,27944.0,500097.0
2023,1.527777289769081,197.225,143.6966064526277,31.98,20.218543751393614,68.82994306201755,PA,56.5,13.76,101718.0,1068036.0,47195.0,412891.0
2023,1.5,144.65,99.15,36.43333333333334,19.633333333333336,22.4,PA,60.0,15.34,138678.0,1316488.0,140176.0,624859.0
